measurement_time	1	0	2
6922582275759697920	-1.9741895198471875	4.059169879376196	4.005375611850094
6922861426029524992	-1.9808596718431248	4.077269561736109	4.018283350514299
6922861427777575936	-1.978588214680182	4.074853867035976	3.996974764524033
6922861428993051648	-1.9767494160112657	4.0725463377579985	4.006817816949004
6922861430234297344	-1.9780834464111183	4.071825234991683	3.9999312862752925
6922861431509903360	-1.978047391522116	4.077053230805435	4.0036449647386405
6922861432716788736	-1.97678547090397	4.0720415659962645	4.011324709229247
6922861433958034432	-1.9806433425593228	4.074313039784029	3.9956407247476937
6922861435233639424	-1.9807875620592763	4.0755749698551345	4.005411666389893
6922861436444820480	-1.9763888672447985	4.075106252930462	3.9943427395460156
6922861437681770496	-1.9747303430074972	4.0699143122543235	3.989944013625128
6922861438957376512	-1.9751990563453456	4.073411661295746	3.992251542235464
6922861440172852224	-1.9787684890835118	4.074457260398835	3.9992101830137816
6922861441409802240	-1.9803909584387083	4.074745701644114	4.001048995052651
6922861442681112576	-1.9779392268931417	4.0735198265715535	4.001842208124695
6922861443900883968	-1.976677306254473	4.073375606054327	4.008404243510383
6922861445146424320	-1.979489586567668	4.070707525331301	4.001121105625254
6922861446409144320	-1.978371885451872	4.074313039780345	3.998308804564655
6922861447616030720	-1.9816168242101628	4.076440293473689	4.002383035178293
6922861448818621440	-1.9808236169533278	4.072149731113294	3.9967584339957036
6922861450064161792	-1.980715452313679	4.072654503264961	4.003825240791777
6922861451271047168	-1.9813283852194326	4.066453018375398	3.996397882512855
6922861452477933568	-1.9810760010812645	4.0754307493577455	3.999787065196761
6922861453736358912	-1.9826624156324688	4.0779546094895425	3.9956407249700203
6922861454999078912	-1.9770739099033188	4.07362799211122	4.008187912040074
6922861456205965312	-1.983491677750909	4.070094587944296	3.9942345746563515
6922861457442915328	-1.9760283184942642	4.072690558229458	4.018679957910946
6922861458718520320	-1.9765330867544664	4.076007631582809	4.003608910573036
6922861459933996032	-1.976929690393153	4.075070197918911	3.9905569507970973
6922861461170947072	-1.976641251366625	4.070635415241917	4.001734043250069
6922861462446552064	-1.9795616963055294	4.072330006934059	3.9997870654174985
6922861463666323456	-1.9770739098936008	4.071032021619306	4.007250478751186
6922861464959108096	-1.9785521597860385	4.077089286070989	4.002455145605065
6922861466251893760	-1.9817970985886606	4.080766910790607	4.0122981975184935
6922861467514613760	-1.9753432758767933	4.079288649913518	4.016696925128262
6922861468764448768	-1.9738650259635426	4.070779635782244	3.998921741937812
6922861470027169792	-1.9797780255579416	4.06962587099117	3.9962897171552907
6922861471234055168	-1.9797780255679989	4.075142308266867	3.9925399831174824
6922861472479595520	-1.9789487634250922	4.072582392906624	3.989042635195722
6922861473750905856	-1.9800664645575528	4.073591937026663	3.995496503932352
6922861474962086912	-1.9777950073998116	4.079000208674113	4.008404242829089
6922861476199037952	-1.9825903058779915	4.069661926293291	4.005375611723859
6922861477491822592	-1.9789848183148449	4.071032021713488	4.003032028052713
6922861478763132928	-1.9800304096964902	4.074889922214002	4.002310924800689
6922861479995788288	-1.976713361126511	4.076764789655235	3.9918909906012527
6922861481271394304	-1.9767494160584063	4.075394694236046	4.001770097678693
6922861482486870016	-1.9806793974425625	4.076223962508818	3.998344860310219
6922861483732410368	-1.9813283852052672	4.070527249611875	3.9966142133425584
6922861484995130368	-1.9792011475438684	4.076079741976742	4.001157160346908
6922861486206311424	-1.9788766536715896	4.074421205394534	4.0016619321702125
6922861487438966784	-1.9775065684011908	4.074853867099348	4.0113247090340245
6922861488718867456	-1.9763528123617544	4.076476348501777	4.003068082677995
6922861489925752832	-1.9790208731705805	4.074024598673048	3.9978761429632814
6922861491166998528	-1.9726752150678506	4.076007631573851	3.9983088049172397
6922861492438308864	-1.979994354794624	4.074925977227011	3.996469992637726
6922861493662374912	-1.9787324341905428	4.071140187042135	4.008260022192628
6922861494890735616	-1.9747303429910998	4.069770091655894	4.006385155797348
6922861496166340608	-1.9828426899888258	4.068508161556044	4.00011156155151
6922861497386110976	-1.976280702634684	4.073736157580277	4.008764794631709
6922861498678896640	-1.9711969651802994	4.078495436824694	4.002815697359656
6922861499971681280	-1.971160910308071	4.076223962474862	4.004005516213917
6922861501234402304	-1.9750908917389935	4.07034697387313	4.007106258480912
6922861502471352320	-1.9771099647826087	4.07214973114098	3.997695867765522
6922861503764137984	-1.9785521597809794	4.07323138552423	4.00097688478519
6922861505061218304	-1.9782637207955582	4.0686163270796465	4.004834784117427
6922861506345412608	-1.9736486967338251	4.073916433216324	3.995460448963967
6922861507608133632	-1.9715214590708223	4.068868713100713	4.00433001228726
6922861508845083648	-1.976028318499819	4.067354397067114	3.9917467704970613
6922861510137869312	-1.976677306267612	4.073483771452412	4.005844328285181
6922861511409179648	-1.9795977511921845	4.077269561694655	4.006565431368028
6922861512641835008	-1.9736847516021985	4.079036263849314	4.000436057596945
6922861513917440000	-1.974910617360245	4.070383029106786	3.999029907359243
6922861515124326400	-1.9763528123777485	4.071789179662365	4.020302438066922
6922861516382751744	-1.9742255747141502	4.077449837429666	4.009810393778782
6922861517649767424	-1.970908526191481	4.07456542601609	4.013235632215906
6922861518916782080	-1.9764609770208201	4.073123220036558	3.9947032919507475
6922861520153733120	-1.9758119892687764	4.07222184144558	4.003717075254802
6922861521429338112	-1.9730718187216836	4.073087164863186	3.991530439430756
6922861522640519168	-1.9719541175677355	4.066849624905438	3.99665026920835
6922861523881764864	-1.9722786114548052	4.069301374783777	3.9876725398299815
6922861525153075200	-1.9739010808775035	4.071284407661967	4.003717075402402
6922861526364255232	-1.974658233221661	4.075394694083911	4.01529077443899
6922861527618385920	-1.9749466722293418	4.070779635596269	4.013163521457538
6922861528893990912	-1.9729636540787618	4.07662056907498	3.997191095716354
6922861530087992320	-1.9724588858287362	4.07546680448054	4.009449842612605
6922861531333532672	-1.9753432758946081	4.072582392990372	4.004330012734561
6922861532600548352	-1.9708724713817816	4.067642838160899	3.9855092320559797
6922861533811729408	-1.97404530036089	4.064578150945828	4.0040776267315294
6922861535052974080	-1.9698629348297767	4.076296072992307	4.013019301117043
6922861536324284416	-1.9737929162196575	4.067714948351661	4.0032123031962135
6922861537535465472	-1.9767494160287928	4.072690558312149	4.00562799734196
6922861538768120832	-1.9742255747129742	4.069697981258185	3.996974764528344
6922861540056611840	-1.9680601910310018	4.06612852208353	4.001409546359683
6922861541259202560	-1.9729997089616813	4.073988543554933	3.996686324145681
6922861542483267584	-1.976533086804894	4.069193209284085	3.993549527421163
6922861543771758592	-1.9712690749424562	4.068075499875352	3.993837968067787
6922861545004413952	-1.9697908250594773	4.070671470168201	4.002022483862561
6922861546292903936	-1.9728554894655173	4.073808267896084	3.998056418804188
6922861547581393920	-1.9699710994327606	4.077846443998362	4.014100955384832
6922861548844114944	-1.974405849105057	4.071464683434193	3.999282293923255
6922861550102540288	-1.972422830966131	4.073123220182668	4.011721315974404
6922861551365260288	-1.9719180627080892	4.0726545031043475	4.0051232258246605
6922861552580736000	-1.9722065017021828	4.075719190569117	4.011829481059284
6922861588521022464	-1.9757398795100987	4.067390452111832	3.998633300817575
6922861590097274880	-1.9726752150815006	4.069445595294507	4.002238814645635
6922861591390060544	-1.968168355705099	4.071284407774682	3.9993183486636728
6922861592661370880	-1.9718459529598615	4.073664047157743	3.9986333014302144
6922861593872551936	-1.9709445810639137	4.0753946940706305	3.9965781581090685
6922861595109501952	-1.9745861234744448	4.067967334449347	3.994739346152588
6922861596389402624	-1.9683486300289417	4.07431303992359	4.000255782294739
6922861597596288000	-1.974838507629814	4.07023880837713	4.007971580909142
6922861598837533696	-1.967194874029826	4.07492597749274	4.00912534575977
6922861600121729024	-1.9677717520612958	4.077341672039542	4.004474233282142
6922861601397334016	-1.9728915443290056	4.067282286652141	3.991025667996046
6922861602634285056	-1.9667261606792092	4.078279105839704	4.004798729414035
6922861603914184704	-1.9748385076187271	4.0684360512873035	3.9948475118393514
6922861605129660416	-1.9717377883267144	4.068003389573338	3.9936216373589244
6922861606422446080	-1.9737929162568761	4.0715007386248985	4.002274870067355
6922861607629331456	-1.971088800572935	4.073087164968993	3.997227150898279
6922861608849102848	-1.9736847515828018	4.073483771584675	4.009558007507019
6922861610141887488	-1.9713772395596354	4.072077620995103	3.991422273962636
6922861611434673152	-1.9701153189419247	4.073952488384971	4.00602460442916
6922861612727457792	-1.9723507212242888	4.070202753344601	4.006962037505797
6922861614007358464	-1.972386776072155	4.0717170694507425	3.9951720079298934
6922861615231424512	-1.9725670504458899	4.073087164950477	3.9959291657194567
6922861616519914496	-1.9706921969352078	4.07157284888394	3.998453025346863
6922861617821289472	-1.972819434591796	4.0707075252940985	3.998416970682331
6922861619079714816	-1.9711969652009071	4.071068076870441	4.0027075315629
6922861620316664832	-1.9697187153090772	4.074457260486678	4.010747826909417
6922861621583680512	-1.9780113366453638	4.0728708339900175	3.997876143322558
6922861622794861568	-1.9651758010282923	4.076512403717631	4.014028844615115
6922861624031811584	-1.9732520930732766	4.069878257026764	4.002743587084677
6922861625316006912	-1.9667622155387123	4.0755028596047	4.009269566338343
6922861626518597632	-1.9719541175819115	4.074565425818758	3.994559070392741
6922861627759843328	-1.9700792640738694	4.073303495839732	3.996686323592234
6922861629035449344	-1.9741174101032597	4.0722939518845145	3.9970468751308843
6922861630255219712	-1.975956208726473	4.067065955735483	4.001445601688975
6922861631552300032	-1.9713051298375954	4.078026719683729	4.011577095064641
6922861632840790016	-1.9714493493098435	4.066597238876395	3.9930808100744204
6922861634133574656	-1.9700792640648943	4.075971576513467	3.9940903542426125
6922861635417769984	-1.9744779588506292	4.073123220026487	4.0137404031002335
6922861636697670656	-1.9720622821989717	4.070887801139843	4.0003639479569095
6922861637999045632	-1.9772541842616067	4.067462562367134	3.994919622259543
6922861639287535616	-1.9733242028466778	4.071356517981438	4.007394699490212
6922861640576025600	-1.9759922636155578	4.066885680081485	4.00065238880597
6922861641868811264	-1.9709445810817425	4.07539469415535	3.99975101002175
6922861643127236608	-1.9729997089628273	4.0714286282456085	4.007719195817305
6922861644381367296	-1.968961562921474	4.068796602666658	3.9923957626691435
6922861645669857280	-1.9683125751609154	4.070995966501562	3.997191095417454
6922861646915397632	-1.9720622822185163	4.073736157575795	4.002202759668101
6922861648169528320	-1.971557513942599	4.075574969931121	4.003753130119439
6922861649432248320	-1.975739879500562	4.073051109877777	4.018139129994434
6922861650643429376	-1.9707643066787486	4.0718252348987285	4.005916438395766
6922861651880380416	-1.9723867760801947	4.077882499212659	4.005411667413105
6922861653173165056	-1.973865025961411	4.06742650730735	3.9908814468674354
6922861654431590400	-1.9688894531549406	4.070455139329899	3.999895231171144
6922861655677130752	-1.9724588858220062	4.066128522069353	3.9907732814570616
6922861656948441088	-1.9686370690446797	4.071068076914059	4.005555887126236
6922861658168212480	-1.9729997089626445	4.068327885832482	4.005736162580762
6922861659396573184	-1.9707282518221971	4.072798723856471	4.008476353470543
6922861660672178176	-1.9721343919517618	4.072113676088266	4.0048347847755075
6922861661883359232	-1.9753072209779	4.073664047320365	3.996469992851947
6922861663124603904	-1.9717738432138288	4.068868712997583	4.001734042706129
6922861664395914240	-1.9751630014801411	4.070130643042144	3.993657692107008
6922861665607095296	-1.9722786114600472	4.0734477164349885	3.99646999277165
6922861666848340992	-1.970115318955354	4.065155033221479	3.988429697671366
6922861668123945984	-1.969935044566108	4.070058532785961	4.002887806971253
6922861669348012032	-1.973792916218984	4.074529370668923	3.999426513987413
6922861670640796672	-1.9722425566008868	4.072077620806386	3.9956767798991755
6922861671924992000	-1.9728194345619399	4.0679312792165625	3.988357587419746
6922861673192007680	-1.9742616296014792	4.06519108829575	3.9913141085025594
6922861674433253376	-1.9687452336888163	4.0703109188554185	4.005591942225442
6922861675704563712	-1.973071818738015	4.069229264484514	3.991602549541224
6922861676915744768	-1.9708724713289567	4.068616326961101	3.9981285293556295
6922861678165579776	-1.9695023860715797	4.069481650475454	4.0103872751389895
6922861679432595456	-1.9713051298216824	4.070346973913839	3.995712834976177
6922861680643775488	-1.9722786114520057	4.07384432290765	3.988862359204194
6922861681885021184	-1.9679880813183697	4.075755245633508	3.9931168658603564
6922861683152036864	-1.9752711661115976	4.07474570158726	4.003320468790903
6922861684363217920	-1.9761725380297988	4.072041565746797	3.999246238851475
6922861685604463616	-1.9711248554450056	4.07463753625983	3.9934053064879933
6922861686875773952	-1.9784800500203188	4.070959911346079	4.001373491125999
6922861688086953984	-1.9680241361595752	4.072906889166922	3.9995346792292596
6922861689298135040	-1.9746582332477765	4.070635415061098	3.9994625694490265
6922861690535086080	-1.9714132944359557	4.067570727767143	3.991746770261249
6922861691746266112	-1.974802452728215	4.072654503189172	4.005916439438596
6922861692961741824	-1.9708724713207628	4.068832657868275	4.000400002920605
6922861694207282176	-1.966617996049386	4.074240929457286	3.9958210001946415
6922861695470003200	-1.9728915443371986	4.071464683419244	4.001697987777561
6922861696685478912	-1.9686370690554957	4.074349095027595	4.003284413786416
6922861697918134272	-1.9692500019115353	4.070310918807844	3.9954965048976763
6922861699189444608	-1.9719541175822093	4.073772212659223	4.004221847226441
6922861700404920320	-1.975775934364948	4.074601480959457	3.9935495269541437
6922861701616101376	-1.9728554894722192	4.071861290047963	3.9974795366216256
6922861702848756736	-1.9694663311797274	4.0682557754970645	4.003428634669685
6922861704124361728	-1.9721343919645156	4.073339550849572	3.9990299074889677
6922861705335542784	-1.9719541175931394	4.0736279920773395	3.9918549355740365
6922861706572493824	-1.963337002420836	4.0752865286579585	4.001445601584016
6922861707848098816	-1.9714132944369542	4.071104132120422	4.0011932155265315
6922861709054984192	-1.9742976845509688	4.076945065492729	3.99805641891083
6922861710296229888	-1.9740092454656595	4.071681014240696	3.9951359529490875
6922861711571835904	-1.9703316481997375	4.077954609392978	4.003284413339767
6922861712795900928	-1.9673751484094124	4.070995966507858	4.0036449647941605
6922861714088686592	-1.9710888005758262	4.07222184157202	3.997587701875383
6922861715364291584	-1.9738289710831252	4.073303495801249	4.015723436047088
6922861746592998400	-1.9751990563615098	4.06998642241921	3.991458329375671
6922861748164957184	-1.9747303429843173	4.072834778894713	4.006060659383979
6922861749453447168	-1.9723507212094415	4.069806146673958	4.002995972471447
6922861750724757504	-1.9696105506763157	4.074529370786206	4.006565431194815
6922861751940233216	-1.9748024527148489	4.068508161542216	3.9959291657212046
6922861753177183232	-1.974586123477897	4.067210176394397	4.013271686858689
6922861754452789248	-1.9717017334413687	4.072366061950731	4.008043691363573
6922861755672559616	-1.972242556571081	4.066128522010327	4.0104233313613875
6922861756973934592	-1.9711248554568417	4.070743580690496	3.993946133449765
6922861758262424576	-1.9698989896848569	4.074060653822812	4.001085050016993
6922861759520849920	-1.9685289044379164	4.068291830979749	3.9914943841053034
6922861760774980608	-1.9711969651931258	4.071464683416011	3.989691627348476
6922861762033405952	-1.972567050445987	4.076584513907949	4.00079660933132
6922861763266061312	-1.9725670505106185	4.076981120546894	3.9994986245984148
6922861764554552320	-1.9691418372949459	4.070419084276507	4.001625877726083
6922861765761437696	-1.9719180627206834	4.0742409295336515	3.9957488901810083
6922861766968324096	-1.9713411846830187	4.07279872373063	3.993837968204669
6922861768209568768	-1.9729636540865885	4.074962032396796	3.9965781580673854
6922861769485174784	-1.970367703062352	4.0678591689845955	4.0005442229986095
6922861770692060160	-1.975595660031559	4.068796602736005	4.003933406459289
6922861771933305856	-1.970187428705498	4.072834778853606	3.9954965042302737
6922861773204616192	-1.9700071542975504	4.07070752538756	3.9986693562094686
6922861774420091904	-1.9747303429874645	4.072726613759617	3.9911698880300275
6922861775626977280	-1.9715935688150945	4.071933400287602	4.008981124840953
6922861776863928320	-1.9661132277862319	4.082173061473829	4.015615271153418
6922861778139533312	-1.9717017334312956	4.07027486363041	3.992071266587008
6922861779359304704	-1.9728194345973842	4.073015054588982	3.9967944894623924
6922861780591960064	-1.9753793307308298	4.074132764103975	4.002671476134888
6922861781867565056	-1.9751630014878296	4.077846443981476	4.004690563987713
6922861783070155776	-1.97433373934647	4.074096708919132	3.9964339379675398
6922861784315696128	-1.9723867761020248	4.0795410358655895	3.9921073223685966
6922861785595596800	-1.970800361565313	4.074493315638371	4.004942949657553
6922861786798187520	-1.969971099415235	4.072041565644369	3.999282293179459
6922861788056612864	-1.9745500686022375	4.071320462809147	3.9907011714150595
6922861789315038208	-1.9741534649848422	4.0741688193227175	4.005591942376994
6922861790526219264	-1.9708364164670573	4.0687605475835635	4.00130138128658
6922861791733104640	-1.9749466722512707	4.071753124610567	4.002707531185972
6922861792974350336	-1.9735044772184978	4.07081569079569	4.0103872755330885
6922861794181236736	-1.9752711661139268	4.068724492407644	3.9917107153699707
6922861795388122112	-1.9657887339043247	4.073736157534415	4.002455145458598
6922861796642252800	-1.9686010141952535	4.071356517875454	3.9958570554557227
6922861797904972800	-1.9707643066796026	4.067751003566162	3.9944509052514903
6922861799111859200	-1.9658247887920182	4.072293951647014	4.0003639476528505
6922861800353104896	-1.9686010141858832	4.081343793319549	4.005087170269933
6922861801633004544	-1.9705119225805214	4.0748178118496	4.008872959798045
6922861802857070592	-1.9679159715324681	4.069265319697002	3.9971189855404745
6922861804145560576	-1.9720983370809333	4.074168819302862	3.998885686812635
6922861805421165568	-1.9721343919800853	4.077954609403607	3.999462569047974
6922861806632346624	-1.9736126418922189	4.073988543540805	3.9941624641391473
6922861807886477312	-1.9681683556517244	4.073087164944711	4.002563311085748
6922861809157787648	-1.9703316482214117	4.071753124909838	3.992648149014178
6922861810416212992	-1.9707282518132136	4.074060653734244	4.004257902600594
6922861811666048000	-1.9652839657195469	4.07845938149985	4.0083681877172115
6922861812941654016	-1.9715935688127029	4.071897345147412	3.997046875495604
6922861814144244736	-1.9715935688354902	4.07370010232349	4.003356524059517
6922861815385490432	-1.972314666330304	4.073303495867526	3.9956767797166726
6922861816661095424	-1.9684567946592157	4.0720055105039625	3.994018243587741
6922861817872276480	-1.9713411847182714	4.074204874424711	3.9918549356562303
6922861819079161856	-1.9697908250499658	4.069445595260322	3.9991741287379403
6922861820316112896	-1.9693581665515814	4.076476348614886	4.003717075195
6922861821591717888	-1.970403757934449	4.076187907303609	4.002923862898915
6922861822802898944	-1.9717377883361533	4.07027486360992	4.008440297715655
6922861824061324288	-1.9721704468371521	4.074313039773954	3.996037330951768
6922861825319749632	-1.9663656119005992	4.075538914764828	3.9962897177652974
6922861826526635008	-1.9692500019424775	4.074998087653922	4.003789185701996
6922861827767880704	-1.9726391602088447	4.074060653817311	3.996866600066379
6922861829047781376	-1.9709085261960249	4.071356517975602	3.995172007796695
6922861830250372096	-1.975235111250357	4.0731592752899575	4.001517712183161
6922861831491617792	-1.9719901724661792	4.075574969872533	4.003825240838239
6922861832780107776	-1.9730718187208052	4.074132764043875	4.001012939846628
6922861834055712768	-1.9685649593536496	4.068039444669612	3.998633301048375
6922861835348498432	-1.9749466722267899	4.066489073644105	3.990484840158542
6922861836624103424	-1.9752351112587476	4.070058532770578	3.993116865643335
6922861837835284480	-1.971088800577753	4.065587695184124	4.004798729655046
6922861839085119488	-1.969935044554832	4.068327885801194	3.9975516468750723
6922861840352135168	-1.9754153856175474	4.070310918837909	3.985076570088558
6922861841571905536	-1.9661132277951034	4.069986422497805	3.9852568458138133
6922861842864691200	-1.9696466055437267	4.075034142812671	3.9968665996522694
6922861844153181184	-1.9722425565682977	4.076079741938031	3.9983088047856032
6922861845445965824	-1.9678799166674399	4.078783877865685	4.005447722227758
6922861846725866496	-1.976569141626405	4.074060653749829	4.013307741884218
6922861847949931520	-1.9715214591004306	4.078423326429578	4.010206999918088
6922861849247011840	-1.9696466055972692	4.072257896570977	3.991422273795977
6922861850531207168	-1.9723146663513447	4.070166698157879	3.9931529202381415
6922861851789632512	-1.9719901724564255	4.071608904005022	3.9965781580601174
6922861853035172864	-1.9684207397983384	4.071068076793283	3.99246787286961
6922861854310778880	-1.970043209177968	4.069085043855943	4.009449842482675
6922861855521958912	-1.9696826604254234	4.073555881695112	4.005808272901384
6922861856754615296	-1.9730357638226437	4.0733395508726264	4.002455145350549
6922861858034514944	-1.967807806918902	4.071897345117996	3.994270629626532
6922861859241401344	-1.9727473248550713	4.067462562378849	3.9837785854661565
6922861860482647040	-1.9701513738039813	4.07726956168114	4.004293957226708
6922861861766841344	-1.9713051298179352	4.069157154199801	3.993549527054853
6922861862978022400	-1.9739731905787314	4.072726613481804	4.003248358474753
6922861864279397376	-1.9726031053280613	4.070058532864626	4.00588038356393
6922861865550707712	-1.9710888005502258	4.070058532859375	3.9948835668188343
6922861866757594112	-1.9723867760699012	4.073195330328555	4.000868719271431
6922861867998839808	-1.9731078735990681	4.075935521472285	3.9913141085626953
6922861869274444800	-1.9797780255722222	4.072582392864231	3.9988856872041203
6922861870498509824	-1.9719541175777056	4.0725102826148545	3.996253662250881
6922861871787000832	-1.9704037579482987	4.070202753432088	4.006781761560665
6922861873071196160	-1.9669424899442238	4.07117624230419	4.005627997324423
6922861903273405440	-1.9726391602072977	4.073555881781979	4.005664052625148
6922861904862543872	-1.9697908250661642	4.075430749292568	3.9978040327009166
6922861906159624192	-1.9702955933047441	4.075394694208496	3.9994625692049675
6922861907435229184	-1.9764249221292671	4.074421205244046	3.99967890045425
6922861908629229568	-1.9713772395515905	4.0669217351504034	3.9921073216020293
6922861909883360256	-1.9738650260290365	4.066489073523717	4.000508167843104
6922861911158965248	-1.9735044772133794	4.070779635655873	3.9908093365347224
6922861912434571264	-1.9693221116909017	4.072185786314247	4.00299597244904
6922861913731651584	-1.9710888005749598	4.071428628269768	4.006781761796809
6922861915007256576	-1.9730357638828353	4.071212297421919	3.997587702461602
6922861916214141952	-1.970187428664052	4.072798723690926	3.998272749567388
6922861917472567296	-1.9733602577341403	4.072942944240117	4.004942949920767
6922861918748173312	-1.969177892178726	4.068219720362633	3.998633301097828
6922861920006598656	-1.9732881479529298	4.069085044121015	3.9919270460402134
6922861921260728320	-1.9736847515988072	4.068724492409675	3.994919621676042
6922861922519153664	-1.9708364164430128	4.073375606089663	4.009558008399529
6922861923730334720	-1.9702595384367936	4.069625871092539	4.001373491204202
6922861924988760064	-1.96697854478809	4.072005510574565	4.00310413833898
6922861926260070400	-1.9727473248194463	4.072293951665808	4.0050150601001535
6922861927518495744	-1.968168355650378	4.07445726055109	4.006385155309535
6922861928764037120	-1.9740453003374556	4.073808267831549	4.000291837410482
6922861930039642112	-1.9679520264082748	4.062342731964353	3.9993904591797724
6922861931259412480	-1.9678438617840033	4.06977009164167	3.9895834620235595
6922861932552198144	-1.9670145996669224	4.069661926177214	4.017309862734354
6922861933827803136	-1.973252093104474	4.069193209271446	3.993405306690304
6922861935038984192	-1.973792916210021	4.07009458794828	3.9968665993106782
6922861936293113856	-1.9752351112337638	4.069734036442312	4.000327892558367
6922861937568719872	-1.9690697275435332	4.075178363314908	4.001878263054604
6922861938840030208	-1.9718820078336898	4.074096708955235	4.007827360707854
6922861940154290176	-1.974550068624883	4.0727266135006	4.005844328815334
6922861941417010176	-1.9749466722456996	4.073303495751599	4.004438177869881
6922861942653961216	-1.9687091788171347	4.070599360082158	3.9991741280933244
6922861943925271552	-1.9727833796988428	4.071032021616602	3.9978040329253934
6922861945136451584	-1.9729636541104674	4.07150073858418	3.9987414668615315
6922861946347632640	-1.9703677030653166	4.075935521336019	4.014930223525713
6922861947588878336	-1.974009245484488	4.070599360054501	3.999318348744424
6922861948868779008	-1.9655724046643155	4.074925977363017	3.9964339379068274
6922861950079959040	-1.9768936355104954	4.073015054620576	3.992828424231267
6922861951372744704	-1.9712330201061148	4.078026719885843	3.995532559329009
6922861952592515072	-1.9686731239425823	4.069121098981516	3.997912198404209
6922861953790811136	-1.9717017334493103	4.073808267810135	3.9985972461286625
6922861955044941824	-1.9667622155280737	4.068219720334032	4.013992789004726
6922861956307661824	-1.9741534649770094	4.074601480986712	4.002635421625822
6922861957518842880	-1.965896898532163	4.0778103889601205	3.99571283490813
6922861958725728256	-1.974009245456189	4.068940823242961	3.994054298740633
6922861959979858944	-1.9718820078431447	4.072185786319692	3.999606790051518
6922861961238284288	-1.970475867692323	4.069625871005936	3.992467872620474
6922861962449465344	-1.9697187152998117	4.0761157971101385	4.003068082578083
6922861963707890688	-1.9678078069495264	4.073591936842319	3.993152920713856
6922861964966316032	-1.9735405321008723	4.0756470802972915	3.9970829305404547
6922861966186086400	-1.9732881479592406	4.07070752538225	3.9996789007664515
6922861967483166720	-1.9643465389472357	4.075250473658208	4.013199576340494
6922861968771656704	-1.9696105506799992	4.068832657980369	4.002887807079789
6922861970064442368	-1.977398403755294	4.070707525310256	3.995857055538298
6922861971344342016	-1.9685289044176306	4.070310918732358	3.999895230635941
6922861972551228416	-1.973107873600374	4.075502859594641	3.999570734629031
6922861973753819136	-1.9699710994354926	4.0787838778379175	4.015038388027578
6922861974999359488	-1.9728915443350183	4.0687966026851194	3.9974795364618196
6922861976274964480	-1.9740453003653993	4.065155033324095	3.99531622854867
6922861977481850880	-1.9718820078357895	4.073447716303186	3.993765857594161
6922861978723096576	-1.9749466722414981	4.0727987237194725	4.005159280477659
6922861980015881216	-1.972098337080941	4.071320462789203	3.9991020178861367
6922861981274306560	-1.9682765202994048	4.072077620966023	3.992143376499767
6922861982511257600	-1.9651758010301563	4.071428628185084	4.00386129591351
6922861983786862592	-1.9748745624695263	4.071644959110533	3.9961094414316545
6922861984993747968	-1.9718820078209989	4.075286528751789	4.005555887168427
6922861986239289344	-1.9742616295980906	4.071969455535576	3.9948475120536733
6922861987519188992	-1.968564959328037	4.074240929468704	3.9986693560065163
6922861988734664704	-1.9723507212190416	4.0709959666613065	3.999390458652274
6922861989945845760	-1.9711248554480352	4.072906889202405	3.9978761431361765
6922861991238630400	-1.9718098980815644	4.0726184482163434	4.005231390798246
6922861992449811456	-1.9746582332500995	4.073231385547519	4.003248358511941
6922861993652402176	-1.9712690749293946	4.0720415657510305	4.002238814926873
6922861994906532864	-1.972350721224056	4.071428628344801	3.987528319554795
6922861996182137856	-1.965860843667261	4.070959911476614	4.002599365964642
6922861997393318912	-1.9745861234728375	4.068976878408339	3.999390459367299
6922861998698989568	-1.9706200871854618	4.072221841613487	3.9977679776577606
6922861999961709568	-1.969033672691908	4.076043686895641	3.996794489077917
6922862001172890624	-1.9734323674699763	4.075719190488933	3.9959291660282474
6922862002409840640	-1.9698989896715529	4.07640423827269	4.0049790047681295
6922862003698330624	-1.9706921969716236	4.068760547498706	3.993549526809618
6922862004892332032	-1.973648696700747	4.075755245598807	4.003825240590504
6922862006150757376	-1.9693581665585203	4.07424092951898	4.006385155390525
6922862007426362368	-1.9673390935250805	4.069445595494189	3.993837968005785
6922862008684787712	-1.9723146663660935	4.072510282702085	4.006601486501014
6922862009926033408	-1.970511922553188	4.067823113900624	4.009413786806178
6922862011201638400	-1.9704398128368297	4.0741327642465786	4.001337436222213
6922862012421409792	-1.978299775654784	4.074925977212841	3.994847511714923
6922862013727079424	-1.975956208755007	4.072870834030736	4.0029238627509764
6922862015006980096	-1.9746221783512286	4.073988543778075	4.004366067475784
6922862016269700096	-1.966654050899648	4.072293951680761	4.003969461279885
6922862017506651136	-1.9678438618228604	4.07485386696143	3.9963978827726447
6922862018795141120	-1.9745500685996176	4.073555881778197	3.9964699927663614
6922862020062156800	-1.9724588858472478	4.06955376068122	4.0051232258376315
6922862021320582144	-1.9761725379930424	4.070599360044711	4.006962037378537
6922862022587596800	-1.9732520930859883	4.07359193695787	3.9953522837056266
6922862023850317824	-1.9730718187209457	4.071356517909806	3.9941624646275358
6922862025095858176	-1.9744419039979586	4.06710201096848	3.995388338646954
6922862026380053504	-1.9742255747210224	4.070346973903064	3.994054298724654
6922862027677133824	-1.9730718187280418	4.073411661344604	4.016264263527958
6922862028952738816	-1.9690697275406235	4.069193209392825	3.995099897581302
6922862030176804864	-1.9729997089519904	4.077738278623486	4.005447721914371
6922862060439144448	-1.971485404193039	4.071753124491658	3.9931529202040057
6922862062032576512	-1.9699710994314377	4.074240929544432	3.99473934635867
6922862063316771840	-1.971737788327804	4.0746014811727465	3.99041273013472
6922862064583787520	-1.9677356971573974	4.073988543494188	3.9968665997528894
6922862065790672896	-1.9701153189375384	4.066597238961501	3.9962536627938303
6922862067031918592	-1.9738650259656647	4.067462562345874	4.005555887582585
6922862068311819264	-1.9689615629424528	4.070527249562648	4.001625877255979
6922862069518704640	-1.974261629608333	4.066308797868597	4.006889927765249
6922862070759950336	-1.9687091788011857	4.072942944314291	3.99762375737644
6922862072031260672	-1.9709445810834036	4.066993845532306	4.000400002359412
6922862073242441728	-1.9739010808501325	4.067246231457699	3.998236694806516
6922862074457917440	-1.9705840323241202	4.071320463053256	4.000327892222014
6922862075707752448	-1.9733602577076879	4.067642838108089	3.9972271507612587
6922862076966177792	-1.9728194346051795	4.07647634867874	4.001012940281562
6922862078173064192	-1.974586123491586	4.070238808420773	4.001625877529047
6922862079414309888	-1.9679880812957569	4.073555881710643	4.009558007350275
6922862080689914880	-1.9689976178008644	4.073591937024735	3.9963618274988226
6922862081896800256	-1.9687091787994264	4.073844322999151	3.99902990742221
6922862083159521280	-1.9675914776819343	4.065767970519499	4.006168824773013
6922862084430831616	-1.9759201539222326	4.0698422020137315	3.9984530250550483
6922862085689256960	-1.9698989896864494	4.0703109188248865	3.9978761431806618
6922862086930502656	-1.9731078735866054	4.0680754999967235	4.002887807544862
6922862088206107648	-1.9705479774372974	4.070419084185271	4.003212303120746
6922862089412993024	-1.971160910320001	4.072654503151205	4.00591643844319
6922862090624174080	-1.972675215091201	4.072149731370936	3.9970468750099917
6922862091874010112	-1.9714854042174659	4.070094587871113	4.0024912004981275
6922862093153909760	-1.9726752150853548	4.0744933156272	4.003140193208075
6922862094476760064	-1.9685649592879717	4.073988543573255	3.9944148501589023
6922862095739480064	-1.9686370690517725	4.074493315634957	4.01164920523562
6922862097010790400	-1.9673390935348793	4.069193209228354	3.9952080633217286
6922862098325050368	-1.9692139470403274	4.0723660619479745	4.002995972310683
6922862099600655360	-1.9605607770382447	4.078603602097539	4.006276989931072
6922862100867671040	-1.9690697275644757	4.072726613606438	3.9962176070006805
6922862102177636352	-1.9673751484168345	4.0731953303069695	3.991674659882251
6922862103457536000	-1.9712330200745116	4.0777382785541	4.004798729122177
6922862104750321664	-1.968601014178815	4.070815690901003	4.002527256317089
6922862106043106304	-1.9744058491079106	4.0709238563023025	3.9921433766901107
6922862107305827328	-1.9693581665377695	4.066561183732013	3.9964699930288012
6922862108564252672	-1.9713411846938977	4.070419084190592	4.009053235149354
6922862109818383360	-1.9704398128226184	4.069734036598888	4.010423330901298
6922862111038153728	-1.9689615629437023	4.070202753435414	3.9937298025363543
6922862112326643712	-1.9742616295917774	4.0667414594509	4.0030680828236544
6922862113602248704	-1.96914183734052	4.0686163269746665	4.010783882083938
6922862114822020096	-1.9745500685857509	4.068039444701411	3.986590885647996
6922862116071855104	-1.9730718187031822	4.072005510546126	4.0021306492064355
6922862117364640768	-1.9710527456986664	4.078134885246854	4.005195335943987
6922862118631655424	-1.976388867263399	4.070887801147019	3.98907869003104
6922862119928735744	-1.9735405321271438	4.075394694210363	3.9962536618990336
6922862121195751424	-1.9650676364094788	4.073483771540513	3.998597245668919
6922862122406932480	-1.9745140137311676	4.067065955803018	4.010855992554174
6922862123648178176	-1.9683486300470419	4.0717891798000565	3.9856895077688668
6922862124919487488	-1.97509089175258	4.079504980727261	4.007719195521173
6922862126122079232	-1.9706200871898858	4.073087164918375	4.0239079519367
6922862127359029248	-1.9676275325501165	4.068436051239588	4.006168824456532
6922862128634634240	-1.971701733437114	4.071536793928246	4.002995972518445
6922862129862994944	-1.9724588858294139	4.070058532728376	4.003897350976806
6922862131164370944	-1.9703316481796342	4.072257896642836	4.000940829704168
6922862132427090944	-1.9712330200698878	4.06829183066754	4.000868719378589
6922862133642566656	-1.9719541175581108	4.07586341127087	4.000580278729493
6922862134875222016	-1.9713411847071474	4.072474227533269	3.993549526664284
6922862136150827008	-1.9724228309606149	4.072041565824518	3.9996789000320607
6922862137362008064	-1.9687812885655984	4.068075500094839	4.0122260873144135
6922862138598959104	-1.9661492826650542	4.071933400281755	3.998200639379191
6922862139874564096	-1.9701874286830008	4.070058532832437	4.0066014861163435
6922862141085745152	-1.964418648679378	4.068219720517295	4.004546343415527
6922862142301220864	-1.9680601910443494	4.070635415021452	3.996722378718163
6922862143602595840	-1.9663295570171024	4.07114018736212	4.0068899273202865
6922862144826661888	-1.9656084595444625	4.074565425920381	4.005736162833937
6922862146080791552	-1.9720622822033538	4.068183665215254	3.9966142134792983
6922862147322037248	-1.966834325276371	4.070959911342911	3.994090353673092
6922862148601937920	-1.968853398282311	4.071032021697199	4.0029959726038085
6922862149808823296	-1.9684567946980307	4.071284407691666	4.01110837863675
6922862151170328576	-1.9772902391505092	4.0711401870275195	3.998741466784613
6922862152394393600	-1.9720622821972	4.073591936867249	3.9987054114536287
6922862153609869312	-1.9715575139482624	4.069337429858844	3.9968305440814413
6922862154911244288	-1.9698268799271865	4.073339551083481	3.999751010186344
6922862156113835008	-1.9725670504651758	4.073123220218434	3.9974074262744157
6922862157325016064	-1.972350721199435	4.073627992086866	3.9896555721543248
6922862158566261760	-1.9723867760634728	4.07478175669819	4.008404243051785
6922862159841866752	-1.971737788331067	4.067714948377329	4.012298198198049
6922862161048753152	-1.9696105506633534	4.065659805246597	4.001012940108266
6922862162289998848	-1.9686731239073636	4.0687966027736815	3.994703291150738
6922862163561309184	-1.9709445810584572	4.0725102826419555	3.998777521580771
6922862164789669888	-1.9748385076282464	4.072257896633689	4.011901591035529
6922862166091044864	-1.9705119225616268	4.066777514562866	4.010459385404548
6922862167358059520	-1.9701874286696048	4.06663329410063	4.01172131557265
6922862168569240576	-1.9704037579541362	4.07427698464316	4.002923862197534
6922862169767536640	-1.9754874953553392	4.081271682833032	3.994270629467529
6922862171017371648	-1.972278611441209	4.072474227360872	4.013271686753573
6922862172288681984	-1.9752351112423436	4.071861290084312	3.989150800465735
6922862173495568384	-1.9707643066866696	4.07294294423465	4.002274869788435
6922862174736814080	-1.9740092454937956	4.075286529016411	4.006745706702793
6922862176012419072	-1.9718459529422319	4.070022477577827	4.000544223269883
6922862177240779776	-1.9672309288966292	4.0743851501918815	3.990845391623513
6922862178550745088	-1.9790929829422272	4.072690558494121	4.008512408200065
6922862179817759744	-1.9723507212011018	4.071212297366665	3.992792368794377
6922862181024646144	-1.9688533982955687	4.074276984638293	4.004690563733822
6922862182321725440	-1.970764306676867	4.070274863646089	3.9977319224388057
6922862183597331456	-1.9748024527269097	4.071861289988371	4.003284413348182
6922862184821396480	-1.975271166136589	4.075430749612326	4.000832664257166
6922862186122771456	-1.9715935688652937	4.073411661161044	4.000796609491133
6922862187329657856	-1.9721343919725536	4.069229264386016	3.995424394369143
6922862219086646272	-1.9750187819731337	4.07164495920558	4.00040000258635
6922862220710144000	-1.969105782418361	4.070995966636717	4.002094594075999
6922862221959979008	-1.967411203302538	4.075971576427609	3.99704687524026
6922862223201224704	-1.9720983370930385	4.067606782972232	3.992792369185972
6922862224463944704	-1.970331648233765	4.067570727847613	3.986482720466049
6922862225675125760	-1.968528904437085	4.069301374830201	4.004798730156973
6922862226912076800	-1.9688894531657963	4.073375606160678	4.0003278926079355
6922862228187681792	-1.9660771729455122	4.069770091691082	4.0036449648087515
6922862229407452160	-1.9740453003470089	4.071572848909792	3.992648148658868
6922862230700237824	-1.9753432759325864	4.069878257018907	4.003825240977771
6922862231980137472	-1.9718820078059827	4.067823113775501	4.002419090033133
6922862233204203520	-1.9724949407258714	4.065082922900777	4.003104138247409
6922862234496988160	-1.9717377883222251	4.071140187321262	4.004942950330327
6922862235768298496	-1.973828971072055	4.0726184481317675	4.000976884867811
6922862236996659200	-1.9687452337067848	4.074240929524005	4.010134889443063
6922862238289444864	-1.9748745624736337	4.069734036392506	3.9957488903449354
6922862239573640192	-1.9680962459049012	4.073952488396748	4.005880383858145
6922862240767640576	-1.9670145996655504	4.073700102326942	3.9958570556188797
6922862242021771264	-1.9704758677065652	4.0767647897059565	4.00040000256881
6922862243301671936	-1.9705119225705081	4.0707075253491	3.9989938526686615
6922862244611636224	-1.9703677030506788	4.066380908099448	4.001986429025016
6922862245878651904	-1.9753072210289528	4.073087164989925	3.9998231204696344
6922862247076947968	-1.971990172449524	4.074853867136086	4.0086566292219
6922862248283833344	-1.971485404192234	4.072942944331255	3.9947032909197895
6922862249546554368	-1.9748385076176203	4.067282286681287	4.005195335850957
6922862250813569024	-1.9648152522972187	4.073700102460797	4.0090892906987925
6922862252016159744	-1.9675914776674182	4.070455139452094	4.001445601738573
6922862253265995776	-1.9728554894952106	4.070455139338823	4.002455145775698
6922862254528715776	-1.9731078735888987	4.072185786313872	3.9978761434647976
6922862255748487168	-1.9736847515982783	4.071032021634622	4.002022484011204
6922862256951077888	-1.9726391602239244	4.065659805259752	3.995316228495354
6922862258183733248	-1.975415385632299	4.068688437231305	3.993261085830779
6922862259463633920	-1.9748385075960944	4.069337430014569	4.000003396030246
6922862260666224640	-1.9676996422970916	4.067246231552819	4.004077626890436
6922862261920354304	-1.9723867760656661	4.072654503175749	3.9982727504188365
6922862263191664640	-1.9670506545321476	4.069914312105529	4.004834784529949
6922862264454385664	-1.97199017244498	4.0755749701338635	4.002274869713623
6922862265699926016	-1.9699350445529145	4.074962032466155	3.9901603440980082
6922862266979826688	-1.9715575139579948	4.070022477672592	3.9985972466974076
6922862268178121728	-1.973288147962605	4.065804025749134	4.009521951889632
6922862269432252416	-1.9770378550546814	4.068111554991954	3.997371371858184
6922862270699268096	-1.9685649593004766	4.074709646355657	4.004185791898615
6922862271906153472	-1.9705840323102197	4.0711762422240065	3.998705411244796
6922862273168874496	-1.9748385075911417	4.073231385500837	4.001950374156822
6922862274423004160	-1.9697547701828653	4.069553760804951	3.9934774164538474
6922862275629890560	-1.9735765869675272	4.071248352563684	4.015074442919003
6922862276841071616	-1.974441904008145	4.070743580503765	4.003717075603216
6922862278082316288	-1.9735405321349764	4.071176242231983	3.996938709552607
6922862279353626624	-1.9697547701971838	4.073916433149745	4.004474233363336
6922862280560513024	-1.9708724713094194	4.068472106423378	3.98395886114261
6922862281818938368	-1.9723507212595968	4.072798723697517	4.004762675323861
6922862283090248704	-1.974441904013276	4.071608903922036	3.9923236527262933
6922862284288544768	-1.96852890441237	4.074817811927002	4.00515928076009
6922862285546970112	-1.9686010141759904	4.072185786382862	3.988573918307387
6922862286801100800	-1.9715214591286652	4.0744212052754145	4.005664053088747
6922862288025165824	-1.9689976178177453	4.071825234877946	4.000760554299506
6922862289270706176	-1.9708724713262125	4.067895224025166	4.012550584168251
6922862290529131520	-1.9680241361644215	4.073808267778386	3.993621637710633
6922862291736017920	-1.9731799833524266	4.0642175994181	3.986771161646508
6922862292947198976	-1.9630125085284764	4.0708156907505675	3.996037331262
6922862294201328640	-1.9621832463979518	4.067931279222786	4.002058539333432
6922862295476934656	-1.9704758677013143	4.072221841520918	3.998921742435309
6922862296786898944	-1.9705840323045318	4.073483771442639	4.001157160374698
6922862298045324288	-1.971485404199853	4.074601481024188	4.013235631427332
6922862299252210688	-1.9727833797392016	4.079360760245227	4.010387275627304
6922862300476275712	-1.971990172500572	4.074024598741953	4.000327892358872
6922862301777651712	-1.9704037579398117	4.075142308113453	4.004979005411369
6922862303040371712	-1.9713051298075672	4.071717069398419	4.008872959875238
6922862304251552768	-1.9688533983020737	4.071572848779975	3.9939461331691746
6922862305492798464	-1.9719541175589557	4.0661285220843615	4.010315165673059
6922862306712568832	-1.971377239570111	4.073015054571208	4.009990669026694
6922862307928044544	-1.9729275991984945	4.070995966466845	4.00490689520833
6922862309220829184	-1.96899761779209	4.069265319495833	3.992467872926297
6922862310492139520	-1.9715935688242854	4.069229264370029	4.000327892132353
6922862311716205568	-1.9724588858428471	4.071320462721163	3.9980924742247095
6922862313017580544	-1.9751269466217944	4.069697981362267	3.9945590708279317
6922862314293185536	-1.9743337393590354	4.068688437303207	3.991025667927605
6922862315512956928	-1.9681323007907348	4.068219720402131	3.9893671311976795
6922862316801446912	-1.9715214590583467	4.071753124519592	3.994991732305581
6922862318021217280	-1.9710527456801543	4.070166698299144	3.999174127900256
6922862319296823296	-1.9732160382162887	4.066957790382814	3.9990299075183606
6922862320602492928	-1.9684567946744975	4.074132764166024	4.006565431121597
6922862321800788992	-1.9703316481865392	4.071536793670327	4.001229270572083
6922862323007674368	-1.9728554894678088	4.075502859563033	4.000652388949842
6922862324261805056	-1.9760643733835512	4.068724492541294	3.9938740231597074
6922862325537410048	-1.9736847515804326	4.071320462990459	3.993008699775565
6922862326808720384	-1.9693221116804027	4.0709238561906025	4.000508168015365
6922862328204584960	-1.9691418373015341	4.072005510503406	4.003320468725384
6922862329450125312	-1.9721704468091152	4.068111554963441	4.002058539057288
6922862330691371008	-1.9744058491018832	4.075574969840558	4.003753130471647
6922862331962681344	-1.9698989896851518	4.075971576538281	3.9868793268320903
6922862333178157056	-1.9715575139324057	4.074601480992528	3.9992462382123355
6922862334415108096	-1.9731439284580938	4.070022477673272	4.000868719740546
6922862335690713088	-1.970115318936139	4.06850816155676	3.9903406201239213
6922862336897598464	-1.9729275992229864	4.0664530185460945	3.99535228388206
6922862338143139840	-1.971341184714421	4.068652382224859	3.9938379678416904
6922862339414450176	-1.97043981279979	4.075358639195041	3.998957797136357
6922862340621335552	-1.9721343919585346	4.069625871125996	4.00598854901621
6922862341836811264	-1.976208592883067	4.074276984749519	4.009702228006044
6922862343069466624	-1.973901080852023	4.064686316281301	3.991854935595697
6922862344349367296	-1.9716656785810338	4.070383029110179	3.997659812142765
6922862345629266944	-1.970584032358927	4.068760547569643	4.003104137665648
6922862376041930752	-1.9738650259673527	4.074276984680888	3.994631180780848
6922862377669723136	-1.9653200205559773	4.073627992031476	4.003248358720727
6922862378902379520	-1.9686731239285287	4.077413782291221	4.002671476171531
6922862380143624192	-1.9733602577621916	4.073411661363577	4.002022483877993
6922862381436409856	-1.9744779588437409	4.068832657953485	3.996974764926607
6922862382742079488	-1.9725309955902997	4.069950367426476	3.9952801732754843
6922862384009095168	-1.9673030386718766	4.074204874430075	4.002419090729064
6922862385211685888	-1.9714493493319867	4.077594058062481	4.004690564169049
6922862386431456256	-1.970187428662932	4.072798723755532	4.008368187445708
6922862387741421568	-1.9714854041852294	4.063027779713827	3.9970829300499204
6922862388952602624	-1.97076430669013	4.0674265074219775	3.9973713710848227
6922862390245387264	-1.9671948740493792	4.074637536074686	4.004798729908007
6922862391525287936	-1.9713411846871003	4.075178363411268	3.9974074263465473
6922862392740763648	-1.969177892200469	4.074601481047211	3.9983809149877323
6922862393956239360	-1.9742976844718858	4.070310918964122	3.990701171365438
6922862395244729344	-1.9752711661190447	4.072293951720847	4.0018422082790375
6922862396451615744	-1.9727833797223697	4.07330349576429	4.007142314215604
6922862397675680768	-1.9708724713367773	4.070707525492312	4.001373491895486
6922862398972761088	-1.9713772395530396	4.064902647154184	3.9934413620539524
6922862400192531456	-1.9705479774424068	4.073447716276572	4.003104138070928
6922862401403712512	-1.972675215118367	4.071608904019946	4.0047266194703
6922862402692202496	-1.974946672226127	4.071681014180182	3.993765857703044
6922862403903383552	-1.9683125751614279	4.072438172312343	4.000544223237544
6922862405114564608	-1.9702955933537243	4.07189734514011	3.99409035375942
6922862406360104960	-1.9722425565714141	4.067606783011899	3.996794489807091
6922862407631415296	-1.974766397851832	4.0762600177360895	3.991169887731832
6922862408834006016	-1.9735405321030006	4.067534672836924	4.00148165705137
6922862410079546368	-1.9660050631668144	4.065010812608673	4.002563310667113
6922862411350856704	-1.964094154765719	4.074998087634217	4.014569671504412
6922862412566332416	-1.969466331208184	4.074493315481	3.991133832822998
6922862413764628480	-1.970007154337011	4.075791300864534	3.9966502684072345
6922862415010168832	-1.9706200871747255	4.0676067829259175	4.010387275365002
6922862416285774848	-1.9666540509054822	4.0765845140748995	4.0124063633116815
6922862417492660224	-1.9705119225440149	4.065731915427877	4.00335652365596
6922862418755380224	-1.9695384409332728	4.067895224253941	4.009630118066232
6922862420009510912	-1.9708724713431611	4.070707525301868	3.9925039285968844
6922862421216397312	-1.9682765202824375	4.070887801124881	4.00743075393109
6922862422457641984	-1.9658608436439056	4.068724492498689	4.003068082465777
6922862423728952320	-1.9704398128305227	4.0765124037287785	3.994126408890864
6922862424961608704	-1.971593568840675	4.068399996172472	4.0072504787842815
6922862426250098688	-1.9763888672377077	4.075142308123171	3.995316228877232
6922862427538588672	-1.9691778921619227	4.071320462733542	4.00115716051027
6922862428831374336	-1.96697854478137	4.069950367280869	3.9929726445732623
6922862430115568640	-1.9752351112278415	4.071284407743743	4.0004360581366205
6922862431326749696	-1.9677717520382605	4.071212297439908	4.001806153532883
6922862432525045760	-1.9722065016997874	4.0722939516310035	3.9996067899378738
6922862433774880768	-1.9708724713250578	4.067895224030488	4.005267446065986
6922862435050486784	-1.970692196928576	4.0666693491544255	3.9951359526008616
6922862436356156416	-1.9705840323001707	4.071681014165928	4.004654508622981
6922862437636057088	-1.9717377883458265	4.0669217354449865	3.9996067900658656
6922862438851532800	-1.9668343252757114	4.074637536242282	4.003861296444818
6922862440140022784	-1.9743697942663212	4.0705272497012395	3.9897637377781874
6922862441428512768	-1.9671227643012779	4.069085043883586	3.9978400878136924
6922862442699823104	-1.9676635874106116	4.071032021701436	3.992539983238079
6922862443932478464	-1.969862934831009	4.070599360030463	3.9873840989139384
6922862445212379136	-1.9697547701672877	4.0751783634612355	3.998777521626785
6922862446427854848	-1.9697547702104237	4.069517705547572	3.993297140836862
6922862447724935168	-1.96687038014353	4.070923856260441	4.007358643946444
6922862449013425152	-1.9723507212103806	4.070202753321415	3.988646028384634
6922862450306210816	-1.9695384409482684	4.069770091620607	4.0059164389488755
6922862451598995456	-1.9693581665675741	4.0743490950070305	3.9886099732860263
6922862452853126144	-1.9678799166691878	4.07077963571228	4.003212303294884
6922862454107256832	-1.975667769752439	4.070455139412867	3.990196399423369
6922862455387156480	-1.9681683556650844	4.072906889144131	4.0026714769594305
6922862456679942144	-1.9746221783720261	4.067534672670838	3.996686323732621
6922862457955547136	-1.9652839656886902	4.072293951683076	3.997587701847588
6922862459175317504	-1.9638057157798205	4.070635415057819	4.00346468979651
6922862460485282816	-1.9730357638361022	4.071717069305156	3.9967223788598014
6922862461752298496	-1.9701513738006708	4.074240929540846	4.009666172976474
6922862462959183872	-1.972134391945537	4.071969455495305	4.009594062602929
6922862464196134912	-1.9700432091875122	4.068399996129474	4.010098834474878
6922862465488919552	-1.9674112032740279	4.074060653795895	4.019869776848016
6922862466760229888	-1.9650315815159294	4.072654503116073	3.992215487090913
6922862468057310208	-1.966906435040271	4.074204874289083	4.007683139859129
6922862469264195584	-1.9703316481931918	4.069734036506903	3.993801912707189
6922862470471081984	-1.967303038668987	4.069950367235983	4.003140193046983
6922862471712327680	-1.9712690749495962	4.073447716332077	4.000472113050044
6922862472987932672	-1.970439812821	4.072438172706964	4.005627997263499
6922862474203408384	-1.9702595384465345	4.070851746047225	3.9914583290385326
6922862475504783360	-1.9795616962954747	4.06753467263391	3.9930808099931476
6922862476788978688	-1.971485404217512	4.073808267730191	3.9914222739039484
6922862478000159744	-1.9706921969641893	4.071284407643904	4.003176248105986
6922862479245700096	-1.9737568613315521	4.069012933581759	4.006889927142133
6922862480504125440	-1.9729636541011917	4.07168101426641	3.9975155919346617
6922862481728191488	-1.9732520931099324	4.068363941102258	4.004870839864787
6922862483020976128	-1.9709445810527828	4.075466804449688	3.9987414662443133
6922862484232157184	-1.9748745624710022	4.070887801050491	3.994559070793307
6922862485451927552	-1.9700432092085327	4.072762668671152	4.002346980923761
6922862486744713216	-1.970584032319553	4.073772212740961	3.9909175018935006
6922862488037497856	-1.969935044548993	4.068580271944013	4.002130649564713
6922862489325987840	-1.9686731239501825	4.0746735912185	3.9997510102137275
6922862490605888512	-1.976749416022339	4.070455139356304	3.991890990951862
6922862491825658880	-1.9691057824262888	4.071212297538197	3.9906651161419537
6922862493122739200	-1.9678799166552037	4.068003389466702	3.9896195171660245
6922862494415524864	-1.9726752150994917	4.068508161570244	4.005664052508642
6922862495686835200	-1.967555422775448	4.074024598869261	4.0041857918396895
6922862496979619840	-1.9740092454845548	4.072906889510081	4.0085124083067605
6922862498186506240	-1.976100428247643	4.069697981304839	4.010495441468767
6922862499393391616	-1.9739010808527502	4.074962032574437	3.99452301579238
6922862500634637312	-1.975343275855445	4.073664047161565	4.012947190385876
6922862501923127296	-1.9701153189667977	4.072330006790492	3.9947393462205096
6922862503224502272	-1.9720622822032507	4.072474227413292	4.01060360716847
6922862535625735168	-1.971160910325767	4.070995966393994	3.9971550408248433
6922862537232053248	-1.9711248554198977	4.073988543601223	4.012694804826348
6922862538516248576	-1.9730357638589469	4.06894082342443	3.9989577972086727
6922862539796149248	-1.9695023860623924	4.070995966511615	3.9955686143128517
6922862540998739968	-1.9713411846850433	4.072726613477934	3.996650268568136
6922862542205625344	-1.9707282518407392	4.07589946627918	4.00750286458944
6922862543451165696	-1.977903172041409	4.0775940580809715	4.001121105628653
6922862544653756416	-1.9750548368575371	4.070310918829051	3.9992822935431818
6922862545864937472	-1.9716656785830524	4.073916433373321	4.002887807141622
6922862547119068160	-1.9692139470944459	4.067174121263772	3.989871902998443
6922862548403263488	-1.9761004282428034	4.073159275394132	3.997155040471818
6922862549657394176	-1.9668703801517415	4.07445726061378	3.993441361793529
6922862550911523840	-1.9670506545432014	4.070887801079424	3.9901963992471914
6922862552187129856	-1.9701513737996774	4.076223962555513	4.00180615329305
6922862553445555200	-1.9735044772346422	4.070635415122712	4.003284413390934
6922862554691095552	-1.9723867761010863	4.073267440668648	3.990484840330016
6922862555897980928	-1.9770018001667269	4.0700585327714975	3.9896195170325393
6922862557104867328	-1.967807806967016	4.072149731166893	4.000400002356343
6922862558358998016	-1.9716656785913382	4.069697981324995	3.985040514928273
6922862559634603008	-1.9650676364012685	4.071933400195994	4.003464689427414
6922862560910208000	-1.965788733897913	4.074421205300043	4.004257902882608
6922862562220173312	-1.970439812819978	4.075502859769171	4.002166704200801
6922862563491483648	-1.96751936793114	4.075250473563917	3.996109442345539
6922862564724139008	-1.9669785447893267	4.067246231499144	4.001734042604267
6922862565999744000	-1.9689255080757846	4.074817811810992	4.0024190905566
6922862567206630400	-1.974802452729487	4.070635415167982	4.007034148845664
6922862568413515776	-1.9740453003406513	4.068003389497702	3.991458329096209
6922862569667646464	-1.967194874035284	4.071897345116051	4.009485896955655
6922862570943251456	-1.9747303429669882	4.075286528785627	4.003825240530618
6922862572158727168	-1.9738650259625672	4.071753124586639	3.9998231206512753
6922862573447218176	-1.971377239568069	4.070959911412185	3.9976598123611757
6922862574654103552	-1.9722065016896013	4.068796602852061	3.9953883388270435
6922862575873873920	-1.968601014181478	4.075683135456307	4.006565431121458
6922862577175248896	-1.9635893865404732	4.066128521977806	3.9972992613829366
6922862578455149568	-1.9740453003567333	4.073087164900974	3.997623757264023
6922862579670625280	-1.96827652029132	4.06778705869419	4.0094137866251796
6922862580976294912	-1.9656445144067627	4.077233506587253	4.007755250305199
6922862582234720256	-1.970980635939439	4.073808267816876	3.9982006396544043
6922862583475965952	-1.971521459064996	4.070923856190469	4.00840424268085
6922862584751571968	-1.9691418373092127	4.070599359989493	4.001409546382728
6922862585975636992	-1.9719180626875163	4.068724492508219	3.995316228581555
6922862587268422656	-1.9704758677312886	4.070635415188963	3.997659813135035
6922862588548322304	-1.9742976844925384	4.075106253043295	4.008296077240482
6922862589755208704	-1.967988081296543	4.073195330377419	4.003464689514073
6922862590992158720	-1.96845679466638	4.07539469416907	4.000616333217959
6922862592263469056	-1.972098337080891	4.069697981346625	3.996433938363814
6922862593474650112	-1.9680962459720202	4.072726613457931	4.007286533714585
6922862594720190464	-1.9661492826583968	4.0759355213388595	3.9972992610447395
6922862596008680448	-1.9671948740477458	4.070310918903022	4.001012939849233
6922862597202681856	-1.9739731906103535	4.066308797784855	4.011829481404634
6922862598439631872	-1.9687812885474112	4.071140187178898	3.9962176069023707
6922862599723827200	-1.9708003615772323	4.076584513984532	3.986374554976271
6922862600926418944	-1.9703316482069728	4.068904768174779	4.002202759377675
6922862602163368960	-1.9705840323154409	4.082028840959472	4.001697987400171
6922862603456154624	-1.9698268799144603	4.070346973894447	3.9925399834773936
6922862604718874624	-1.9766773062748682	4.066380908095185	4.00602460456179
6922862605960120320	-1.9716656786436078	4.072077621048657	4.000400003371953
6922862607248610304	-1.9719901724625006	4.0659482464701036	3.993513471622392
6922862608519920640	-1.9725309956039776	4.076223962668493	4.001265325788925
6922862609817000960	-1.9719901724394207	4.072221841455249	3.9939461333799935
6922862611028182016	-1.9755235502362167	4.070202753284805	3.99401824355562
6922862612239362048	-1.970259538475707	4.069661926327354	4.015795546096775
6922862613484902400	-1.967807806906749	4.070058532680035	3.9941985194443044
6922862614751918080	-1.9696105506671668	4.067859169105919	3.998597246499618
6922862615954508800	-1.9704398128079466	4.070815690709861	4.001337436285313
6922862617200049152	-1.9702595384421384	4.0682918307774925	3.997227150955055
6922862618488540160	-1.971377239554692	4.072510282591744	4.010207000410429
6922862619755554816	-1.9714493493107572	4.067967334561497	4.000003396168432
6922862621056929792	-1.9676275325530743	4.074745701514271	4.0008326642720355
6922862622268110848	-1.9718459529327523	4.069553760744759	4.001373491146044
6922862623470701568	-1.973143928464577	4.072438172308229	4.005916438601066
6922862624724832256	-1.9705119225749697	4.0713204629367645	4.010026724301119
6922862625991847936	-1.9726031053444995	4.070527249599194	4.005303501193299
6922862627194438656	-1.972386776093305	4.073123220066892	4.007647084836925
6922862628439979008	-1.9667622155267088	4.076872955058458	4.006962037643463
6922862629715584000	-1.96863706903415	4.066813569828193	4.011613150529583
6922862630922470400	-1.9648152522992097	4.069373485121834	3.997551646689193
6922862632180895744	-1.969826879953099	4.072330006840087	4.009377731399791
6922862633439321088	-1.9754153856400931	4.075611025047498	4.002599366096942
6922862634659091456	-1.9682765202881332	4.071248352581898	3.989727682498234
6922862635900337152	-1.9676635874457473	4.073880378159823	3.9952441182400116
6922862637163057152	-1.9697547701724072	4.067787058614209	3.9962176071676034
6922862638374238208	-1.9718098980795535	4.067102011159021	3.9950638431510987
6922862639594008576	-1.9735765870179567	4.068508161548233	4.003933406070844
6922862640886794240	-1.968096245902207	4.079685256679305	4.009738282934006
6922862642097975296	-1.970043209172169	4.072221841420642	3.9999312862778433
6922862643300566016	-1.9712690749520208	4.071428628396182	3.9998231202936987
6922862644546106368	-1.9702234835619012	4.075647080107931	3.988754193725418
6922862645821711360	-1.9769296904062448	4.069878257157094	3.986662996303284
6922862647028597760	-1.9739010808747313	4.071464683431988	3.99881357727579
6922862648265547776	-1.9669424899010797	4.069553760768147	4.002094593710597
6922862649545448448	-1.9709085261775559	4.077594058184407	3.9991741282536393
6922862650765218816	-1.9704398128194407	4.072654503163284	4.001301381072082
6922862652066593792	-1.9675193679191294	4.069842201972386	3.9890065798473255
6922862653333609472	-1.9698268799430936	4.076800844921625	4.014749947178637
6922862654540494848	-1.969826879940456	4.068039444936783	3.9950638424566103
6922862655786035200	-1.9742255747182393	4.070599359980051	4.003572855524228
6922862657061641216	-1.967014599664027	4.070419084196394	3.992251542044139
6922862658272822272	-1.9709445811032689	4.070058532703212	4.0191486739368765
6922862659505477632	-1.9662935021812662	4.07341166124365	3.9938740232199326
6922862660785377280	-1.9726031053262543	4.072870834128715	3.9940182439827883
6922862661996558336	-1.9744058491045158	4.0653713639922335	3.999606789547894
6922862691314004992	-1.9737568613377197	4.069986422743658	4.00562799743312
6922862692958978048	-1.970764306683135	4.072978999433289	3.996433937568339
6922862694204518400	-1.9725309955782597	4.075286528724094	3.995460449279458
6922862695441468416	-1.9657166241714306	4.067823113763674	3.9978400879645943
6922862696717074432	-1.9726752150902778	4.072618448076526	3.9947393462493657
6922862697923959808	-1.9728554894662809	4.068724492452587	3.9978400884906518
6922862699169500160	-1.9731799833276316	4.068291830648982	3.993116865416473
6922862700445105152	-1.9704398128096952	4.070815690847595	3.986843271728628
6922862701651991552	-1.9714493493214593	4.0728708341173885	3.9996789001654474
6922862702888941568	-1.9704758676808174	4.07665662434878	4.007863416025044
6922862704168842240	-1.969358166577706	4.070563304883232	4.0048347842953325
6922862705388612608	-1.967014599673505	4.07525047352067	4.009449841935802
6922862706616973312	-1.9694302763810039	4.0713565181136255	4.014064899972673
6922862707901168640	-1.9697187153151994	4.069085043930493	4.0029238627575365
6922862709112349696	-1.9684928495373792	4.072113676079969	3.9961454970135923
6922862710409430016	-1.9648873620692504	4.066597238957892	4.007466810005056
6922862711685035008	-1.968925508082119	4.071356517921192	3.9909896122123265
6922862712891920384	-1.9656805692812713	4.072330006919561	4.007322588717124
6922862714128871424	-1.9738289711023447	4.0740245986979025	3.9972271512958364
6922862715408772096	-1.9727473248659955	4.074673591278788	3.99758770170682
6922862716615657472	-1.975235111239122	4.070022477610826	3.998020363549349
6922862717822542848	-1.9710166908056215	4.067138066154173	3.997912198566904
6922862719068084224	-1.9714854042133583	4.070815690944024	4.0097022280321415
6922862720339394560	-1.966726160734088	4.069842202056711	4.003356523610724
6922862721546279936	-1.9677356971828008	4.069229264482704	4.000436057681654
6922862722791820288	-1.9682765203079127	4.071068076829717	3.994054298827594
6922862724076015616	-1.9738650260089703	4.066164577226957	4.000219727006449
6922862725347325952	-1.9665819411520162	4.072438172296885	4.006962037799033
6922862726588571648	-1.96939422142954	4.065587694873604	4.008404243359292
6922862727859881984	-1.9707282518172278	4.072834779033746	3.9868793271512453
6922862729066767360	-1.9711609103332743	4.0674986177603705	3.989331076050757
6922862730316603392	-1.9684207397776854	4.069806146824179	3.9961454965550476
6922862731592208384	-1.9765330867710118	4.068508161540221	3.9998591755134396
6922862732854928384	-1.9737929162207901	4.06854421672154	3.9950277877951876
6922862734096174080	-1.9704758676858372	4.071104131916289	4.000796609104292
6922862735371780096	-1.9669424899137442	4.070058532731796	4.000039451990187
6922862736578665472	-1.9673751484389035	4.06764283805643	4.016480594230188
6922862737819911168	-1.9699350445816404	4.075538914925299	4.012009757122574
6922862739095516160	-1.965428185179754	4.071681014216332	4.004402123183016
6922862740306697216	-1.968709178803309	4.074817811835059	4.006096714219286
6922862741573712896	-1.9745500686199706	4.068039444665958	4.007755250087891
6922862742819253248	-1.9653200205339958	4.071176242463622	3.9921433772631563
6922862744030433280	-1.9671948740435201	4.068976878485408	3.998380915020189
6922862745237319680	-1.967952026396593	4.076945065497242	4.003572854769572
6922862746478565376	-1.968637069137588	4.072474227341816	3.9925039280098122
6922862747749875712	-1.9696826604426079	4.068472106577922	4.002887807517218
6922862748961055744	-1.968673123931608	4.070491194575353	4.00198642881813
6922862750206597120	-1.9692500019640025	4.074601481152345	4.005087170658165
6922862751477907456	-1.9652839656647372	4.0674265072482765	4.001553767375703
6922862752701972480	-1.969358166545991	4.074276984882799	4.016120042605965
6922862753990462464	-1.9699350445656743	4.074529370792126	3.995965221243399
6922862755283248128	-1.9706200871763302	4.069734036560116	3.9943066847098816
6922862756588917760	-1.9688173434374403	4.071320462919964	3.9895113518552856
6922862757860228096	-1.9707282518287812	4.077558002952175	4.002779642345872
6922862759058524160	-1.9679159715593444	4.072221841473713	3.9900521789096492
6922862760269705216	-1.9733963125733007	4.065587694982903	3.994234574522147
6922862761523835904	-1.9690697275392424	4.075611025065978	4.011000212806776
6922862762795146240	-1.9730718187074505	4.074925977268768	3.9905569505313045
6922862764165240832	-1.967915971533967	4.075070197869583	4.003392579551848
6922862765436551168	-1.9716296236800264	4.071176242309176	4.0094137867660224
6922862766656321536	-1.970764306685112	4.067751003566544	3.9985611905243124
6922862767953401856	-1.9711248554420306	4.073483771444449	4.012262142162034
6922862769237597184	-1.9749466722293993	4.07222184167632	4.001012939800002
6922862770431597568	-1.9717017334371798	4.0717170694632365	3.9980564196740653
6922862771672843264	-1.9703677030715308	4.072257896515132	3.9998231205373114
6922862772952743936	-1.9689976177781605	4.063532551716978	3.996794488982884
6922862774159629312	-1.969394221434741	4.067390452091484	4.001193216151795
6922862775400875008	-1.9680601910636517	4.069517705682253	4.000003396637777
6922862776672185344	-1.9700071543045823	4.0773777272164295	4.00681781682159
6922862777891955712	-1.9732881479588569	4.071032021717069	4.00548377667565
6922862779094546432	-1.967879916661385	4.073519826835458	4.00231092508741
6922862780348677120	-1.9739371357546274	4.069157154136377	3.9982366944504597
6922862781602807808	-1.968781288540129	4.0758273560055365	3.99174677008269
6922862782831168512	-1.9684567946904572	4.073700102407664	3.999751010375834
6922862784059529216	-1.9717738431975766	4.065912191095985	3.98915080061496
6922862785348019200	-1.9696466055562643	4.074024598841733	3.983778585300378
6922862786606444544	-1.971954117591995	4.070923856202408	4.002166704513271
6922862787864869888	-1.970547977417557	4.072366061994325	3.9982727497233146
6922862789127589888	-1.970079264125628	4.068760547499082	3.998741466203295
6922862790343066624	-1.966978544798379	4.071176242170421	4.002166704212836
6922862791635851264	-1.974477958870863	4.069301374690832	4.003212303600039
6922862792851326976	-1.9726752150820164	4.069121099307943	4.01561527120701
6922862794058212352	-1.9673751484245743	4.072618448367941	3.998525135939294
6922862795295163392	-1.9639138804098242	4.071464683505894	3.9881412566005974
6922862796575064064	-1.9734684223508776	4.072185786273277	3.999714955289136
6922862797777654784	-1.9660411180549329	4.074601481028494	4.000616333397499
6922862799018900480	-1.969466331179241	4.066669349289494	3.9944869609266487
6922862800298800128	-1.9701874286809788	4.069121098983064	3.994667236221735
6922862801505686528	-1.9710888005644738	4.07200551056599	3.9988856872615983
6922862802712571904	-1.973684751593844	4.071392573070294	4.006853871874183
6922862803953817600	-1.9686010142188115	4.075971576561998	3.9968665995728063
6922862805229422592	-1.9696466055592698	4.069625871316989	3.9956046694487406
6922862806436308992	-1.9668703801460212	4.072834778969918	3.9948835668615468
6922862807677553664	-1.9681683556557523	4.072041565756155	4.0058803832914105
6922862808966044672	-1.9660411180284894	4.074276984671053	3.9912780536691383
6922862810172930048	-1.968492849589181	4.069661926293182	4.001697987570316
6922862811422766080	-1.968096245907443	4.073555881888033	3.9957849452948064
6922862812676895744	-1.9718459529465753	4.071681014443746	3.9973713712524606
6922862813900961792	-1.9708364164372358	4.07150073852189	3.9976237577633658
6922862815206631424	-1.9709085261744828	4.066777514710405	4.001121105416884
6922862816469352448	-1.9729636541188436	4.0745293707160295	4.005447721561116
6922862817693417472	-1.9700071543118307	4.071356517976813	4.008584518912025
